track_id,Song_title,Value
2rPE9A1vEgShuZxxzR2tZH,"Thank U, Next",AD
2rPE9A1vEgShuZxxzR2tZH,"Thank U, Next", AE
2rPE9A1vEgShuZxxzR2tZH,"Thank U, Next", AR
2rPE9A1vEgShuZxxzR2tZH,"Thank U, Next", AT
2rPE9A1vEgShuZxxzR2tZH,"Thank U, Next", AU
2rPE9A1vEgShuZxxzR2tZH,"Thank U, Next", BE
2rPE9A1vEgShuZxxzR2tZH,"Thank U, Next", BG
2rPE9A1vEgShuZxxzR2tZH,"Thank U, Next", BH
2rPE9A1vEgShuZxxzR2tZH,"Thank U, Next", BO
2rPE9A1vEgShuZxxzR2tZH,"Thank U, Next", BR
2rPE9A1vEgShuZxxzR2tZH,"Thank U, Next", CA
2rPE9A1vEgShuZxxzR2tZH,"Thank U, Next", CH
2rPE9A1vEgShuZxxzR2tZH,"Thank U, Next", CL
2rPE9A1vEgShuZxxzR2tZH,"Thank U, Next", CO
2rPE9A1vEgShuZxxzR2tZH,"Thank U, Next", CR
2rPE9A1vEgShuZxxzR2tZH,"Thank U, Next", CY
2rPE9A1vEgShuZxxzR2tZH,"Thank U, Next", CZ
2rPE9A1vEgShuZxxzR2tZH,"Thank U, Next", DE
2rPE9A1vEgShuZxxzR2tZH,"Thank U, Next", DK
2rPE9A1vEgShuZxxzR2tZH,"Thank U, Next", DO
2rPE9A1vEgShuZxxzR2tZH,"Thank U, Next", DZ
2rPE9A1vEgShuZxxzR2tZH,"Thank U, Next", EC
2rPE9A1vEgShuZxxzR2tZH,"Thank U, Next", EE
2rPE9A1vEgShuZxxzR2tZH,"Thank U, Next", EG
2rPE9A1vEgShuZxxzR2tZH,"Thank U, Next", ES
2rPE9A1vEgShuZxxzR2tZH,"Thank U, Next", FI
2rPE9A1vEgShuZxxzR2tZH,"Thank U, Next", FR
2rPE9A1vEgShuZxxzR2tZH,"Thank U, Next", GB
2rPE9A1vEgShuZxxzR2tZH,"Thank U, Next", GR
2rPE9A1vEgShuZxxzR2tZH,"Thank U, Next", GT
2rPE9A1vEgShuZxxzR2tZH,"Thank U, Next", HK
2rPE9A1vEgShuZxxzR2tZH,"Thank U, Next", HN
2rPE9A1vEgShuZxxzR2tZH,"Thank U, Next", HU
2rPE9A1vEgShuZxxzR2tZH,"Thank U, Next", ID
2rPE9A1vEgShuZxxzR2tZH,"Thank U, Next", IE
2rPE9A1vEgShuZxxzR2tZH,"Thank U, Next", IL
2rPE9A1vEgShuZxxzR2tZH,"Thank U, Next", IS
2rPE9A1vEgShuZxxzR2tZH,"Thank U, Next", IT
2rPE9A1vEgShuZxxzR2tZH,"Thank U, Next", JO
2rPE9A1vEgShuZxxzR2tZH,"Thank U, Next", JP
2rPE9A1vEgShuZxxzR2tZH,"Thank U, Next", KW
2rPE9A1vEgShuZxxzR2tZH,"Thank U, Next", LB
2rPE9A1vEgShuZxxzR2tZH,"Thank U, Next", LI
2rPE9A1vEgShuZxxzR2tZH,"Thank U, Next", LT
2rPE9A1vEgShuZxxzR2tZH,"Thank U, Next", LU
2rPE9A1vEgShuZxxzR2tZH,"Thank U, Next", LV
2rPE9A1vEgShuZxxzR2tZH,"Thank U, Next", MA
2rPE9A1vEgShuZxxzR2tZH,"Thank U, Next", MC
2rPE9A1vEgShuZxxzR2tZH,"Thank U, Next", MT
2rPE9A1vEgShuZxxzR2tZH,"Thank U, Next", MX
2rPE9A1vEgShuZxxzR2tZH,"Thank U, Next", MY
2rPE9A1vEgShuZxxzR2tZH,"Thank U, Next", NI
2rPE9A1vEgShuZxxzR2tZH,"Thank U, Next", NL
2rPE9A1vEgShuZxxzR2tZH,"Thank U, Next", NO
2rPE9A1vEgShuZxxzR2tZH,"Thank U, Next", NZ
2rPE9A1vEgShuZxxzR2tZH,"Thank U, Next", OM
2rPE9A1vEgShuZxxzR2tZH,"Thank U, Next", PA
2rPE9A1vEgShuZxxzR2tZH,"Thank U, Next", PE
2rPE9A1vEgShuZxxzR2tZH,"Thank U, Next", PH
2rPE9A1vEgShuZxxzR2tZH,"Thank U, Next", PL
2rPE9A1vEgShuZxxzR2tZH,"Thank U, Next", PS
2rPE9A1vEgShuZxxzR2tZH,"Thank U, Next", PT
2rPE9A1vEgShuZxxzR2tZH,"Thank U, Next", PY
2rPE9A1vEgShuZxxzR2tZH,"Thank U, Next", QA
2rPE9A1vEgShuZxxzR2tZH,"Thank U, Next", RO
2rPE9A1vEgShuZxxzR2tZH,"Thank U, Next", SA
2rPE9A1vEgShuZxxzR2tZH,"Thank U, Next", SE
2rPE9A1vEgShuZxxzR2tZH,"Thank U, Next", SG
2rPE9A1vEgShuZxxzR2tZH,"Thank U, Next", SK
2rPE9A1vEgShuZxxzR2tZH,"Thank U, Next", SV
2rPE9A1vEgShuZxxzR2tZH,"Thank U, Next", TH
2rPE9A1vEgShuZxxzR2tZH,"Thank U, Next", TN
2rPE9A1vEgShuZxxzR2tZH,"Thank U, Next", TR
2rPE9A1vEgShuZxxzR2tZH,"Thank U, Next", TW
2rPE9A1vEgShuZxxzR2tZH,"Thank U, Next", US
2rPE9A1vEgShuZxxzR2tZH,"Thank U, Next", UY
2rPE9A1vEgShuZxxzR2tZH,"Thank U, Next", VN
2rPE9A1vEgShuZxxzR2tZH,"Thank U, Next", ZA
5p7ujcrUXASCNwRaWNHR1C,Without Me,AD
5p7ujcrUXASCNwRaWNHR1C,Without Me, AE
5p7ujcrUXASCNwRaWNHR1C,Without Me, AR
5p7ujcrUXASCNwRaWNHR1C,Without Me, AT
5p7ujcrUXASCNwRaWNHR1C,Without Me, AU
5p7ujcrUXASCNwRaWNHR1C,Without Me, BE
5p7ujcrUXASCNwRaWNHR1C,Without Me, BG
5p7ujcrUXASCNwRaWNHR1C,Without Me, BH
5p7ujcrUXASCNwRaWNHR1C,Without Me, BO
5p7ujcrUXASCNwRaWNHR1C,Without Me, BR
5p7ujcrUXASCNwRaWNHR1C,Without Me, CA
5p7ujcrUXASCNwRaWNHR1C,Without Me, CH
5p7ujcrUXASCNwRaWNHR1C,Without Me, CL
5p7ujcrUXASCNwRaWNHR1C,Without Me, CO
5p7ujcrUXASCNwRaWNHR1C,Without Me, CR
5p7ujcrUXASCNwRaWNHR1C,Without Me, CY
5p7ujcrUXASCNwRaWNHR1C,Without Me, CZ
5p7ujcrUXASCNwRaWNHR1C,Without Me, DE
5p7ujcrUXASCNwRaWNHR1C,Without Me, DK
5p7ujcrUXASCNwRaWNHR1C,Without Me, DO
5p7ujcrUXASCNwRaWNHR1C,Without Me, DZ
5p7ujcrUXASCNwRaWNHR1C,Without Me, EC
5p7ujcrUXASCNwRaWNHR1C,Without Me, EE
5p7ujcrUXASCNwRaWNHR1C,Without Me, EG
5p7ujcrUXASCNwRaWNHR1C,Without Me, ES
5p7ujcrUXASCNwRaWNHR1C,Without Me, FI
5p7ujcrUXASCNwRaWNHR1C,Without Me, FR
5p7ujcrUXASCNwRaWNHR1C,Without Me, GB
5p7ujcrUXASCNwRaWNHR1C,Without Me, GR
5p7ujcrUXASCNwRaWNHR1C,Without Me, GT
5p7ujcrUXASCNwRaWNHR1C,Without Me, HK
5p7ujcrUXASCNwRaWNHR1C,Without Me, HN
5p7ujcrUXASCNwRaWNHR1C,Without Me, HU
5p7ujcrUXASCNwRaWNHR1C,Without Me, ID
5p7ujcrUXASCNwRaWNHR1C,Without Me, IE
5p7ujcrUXASCNwRaWNHR1C,Without Me, IL
5p7ujcrUXASCNwRaWNHR1C,Without Me, IS
5p7ujcrUXASCNwRaWNHR1C,Without Me, IT
5p7ujcrUXASCNwRaWNHR1C,Without Me, JO
5p7ujcrUXASCNwRaWNHR1C,Without Me, JP
5p7ujcrUXASCNwRaWNHR1C,Without Me, KW
5p7ujcrUXASCNwRaWNHR1C,Without Me, LB
5p7ujcrUXASCNwRaWNHR1C,Without Me, LI
5p7ujcrUXASCNwRaWNHR1C,Without Me, LT
5p7ujcrUXASCNwRaWNHR1C,Without Me, LU
5p7ujcrUXASCNwRaWNHR1C,Without Me, LV
5p7ujcrUXASCNwRaWNHR1C,Without Me, MA
5p7ujcrUXASCNwRaWNHR1C,Without Me, MC
5p7ujcrUXASCNwRaWNHR1C,Without Me, MT
5p7ujcrUXASCNwRaWNHR1C,Without Me, MX
5p7ujcrUXASCNwRaWNHR1C,Without Me, MY
5p7ujcrUXASCNwRaWNHR1C,Without Me, NI
5p7ujcrUXASCNwRaWNHR1C,Without Me, NL
5p7ujcrUXASCNwRaWNHR1C,Without Me, NO
5p7ujcrUXASCNwRaWNHR1C,Without Me, NZ
5p7ujcrUXASCNwRaWNHR1C,Without Me, OM
5p7ujcrUXASCNwRaWNHR1C,Without Me, PA
5p7ujcrUXASCNwRaWNHR1C,Without Me, PE
5p7ujcrUXASCNwRaWNHR1C,Without Me, PH
5p7ujcrUXASCNwRaWNHR1C,Without Me, PL
5p7ujcrUXASCNwRaWNHR1C,Without Me, PS
5p7ujcrUXASCNwRaWNHR1C,Without Me, PT
5p7ujcrUXASCNwRaWNHR1C,Without Me, PY
5p7ujcrUXASCNwRaWNHR1C,Without Me, QA
5p7ujcrUXASCNwRaWNHR1C,Without Me, RO
5p7ujcrUXASCNwRaWNHR1C,Without Me, SA
5p7ujcrUXASCNwRaWNHR1C,Without Me, SE
5p7ujcrUXASCNwRaWNHR1C,Without Me, SG
5p7ujcrUXASCNwRaWNHR1C,Without Me, SK
5p7ujcrUXASCNwRaWNHR1C,Without Me, SV
5p7ujcrUXASCNwRaWNHR1C,Without Me, TH
5p7ujcrUXASCNwRaWNHR1C,Without Me, TN
5p7ujcrUXASCNwRaWNHR1C,Without Me, TR
5p7ujcrUXASCNwRaWNHR1C,Without Me, TW
5p7ujcrUXASCNwRaWNHR1C,Without Me, US
5p7ujcrUXASCNwRaWNHR1C,Without Me, UY
5p7ujcrUXASCNwRaWNHR1C,Without Me, VN
5p7ujcrUXASCNwRaWNHR1C,Without Me, ZA
2xLMifQCjDGFmkHkpNLD9h,Sicko Mode,AD
2xLMifQCjDGFmkHkpNLD9h,Sicko Mode, AE
2xLMifQCjDGFmkHkpNLD9h,Sicko Mode, AR
2xLMifQCjDGFmkHkpNLD9h,Sicko Mode, AT
2xLMifQCjDGFmkHkpNLD9h,Sicko Mode, AU
2xLMifQCjDGFmkHkpNLD9h,Sicko Mode, BE
2xLMifQCjDGFmkHkpNLD9h,Sicko Mode, BG
2xLMifQCjDGFmkHkpNLD9h,Sicko Mode, BH
2xLMifQCjDGFmkHkpNLD9h,Sicko Mode, BO
2xLMifQCjDGFmkHkpNLD9h,Sicko Mode, BR
2xLMifQCjDGFmkHkpNLD9h,Sicko Mode, CA
2xLMifQCjDGFmkHkpNLD9h,Sicko Mode, CH
2xLMifQCjDGFmkHkpNLD9h,Sicko Mode, CL
2xLMifQCjDGFmkHkpNLD9h,Sicko Mode, CO
2xLMifQCjDGFmkHkpNLD9h,Sicko Mode, CR
2xLMifQCjDGFmkHkpNLD9h,Sicko Mode, CY
2xLMifQCjDGFmkHkpNLD9h,Sicko Mode, CZ
2xLMifQCjDGFmkHkpNLD9h,Sicko Mode, DE
2xLMifQCjDGFmkHkpNLD9h,Sicko Mode, DK
2xLMifQCjDGFmkHkpNLD9h,Sicko Mode, DO
2xLMifQCjDGFmkHkpNLD9h,Sicko Mode, DZ
2xLMifQCjDGFmkHkpNLD9h,Sicko Mode, EC
2xLMifQCjDGFmkHkpNLD9h,Sicko Mode, EE
2xLMifQCjDGFmkHkpNLD9h,Sicko Mode, EG
2xLMifQCjDGFmkHkpNLD9h,Sicko Mode, ES
2xLMifQCjDGFmkHkpNLD9h,Sicko Mode, FI
2xLMifQCjDGFmkHkpNLD9h,Sicko Mode, FR
2xLMifQCjDGFmkHkpNLD9h,Sicko Mode, GB
2xLMifQCjDGFmkHkpNLD9h,Sicko Mode, GR
2xLMifQCjDGFmkHkpNLD9h,Sicko Mode, GT
2xLMifQCjDGFmkHkpNLD9h,Sicko Mode, HK
2xLMifQCjDGFmkHkpNLD9h,Sicko Mode, HN
2xLMifQCjDGFmkHkpNLD9h,Sicko Mode, HU
2xLMifQCjDGFmkHkpNLD9h,Sicko Mode, ID
2xLMifQCjDGFmkHkpNLD9h,Sicko Mode, IE
2xLMifQCjDGFmkHkpNLD9h,Sicko Mode, IL
2xLMifQCjDGFmkHkpNLD9h,Sicko Mode, IS
2xLMifQCjDGFmkHkpNLD9h,Sicko Mode, IT
2xLMifQCjDGFmkHkpNLD9h,Sicko Mode, JO
2xLMifQCjDGFmkHkpNLD9h,Sicko Mode, JP
2xLMifQCjDGFmkHkpNLD9h,Sicko Mode, KW
2xLMifQCjDGFmkHkpNLD9h,Sicko Mode, LB
2xLMifQCjDGFmkHkpNLD9h,Sicko Mode, LI
2xLMifQCjDGFmkHkpNLD9h,Sicko Mode, LT
2xLMifQCjDGFmkHkpNLD9h,Sicko Mode, LU
2xLMifQCjDGFmkHkpNLD9h,Sicko Mode, LV
2xLMifQCjDGFmkHkpNLD9h,Sicko Mode, MA
2xLMifQCjDGFmkHkpNLD9h,Sicko Mode, MC
2xLMifQCjDGFmkHkpNLD9h,Sicko Mode, MT
2xLMifQCjDGFmkHkpNLD9h,Sicko Mode, MX
2xLMifQCjDGFmkHkpNLD9h,Sicko Mode, MY
2xLMifQCjDGFmkHkpNLD9h,Sicko Mode, NI
2xLMifQCjDGFmkHkpNLD9h,Sicko Mode, NL
2xLMifQCjDGFmkHkpNLD9h,Sicko Mode, NO
2xLMifQCjDGFmkHkpNLD9h,Sicko Mode, NZ
2xLMifQCjDGFmkHkpNLD9h,Sicko Mode, OM
2xLMifQCjDGFmkHkpNLD9h,Sicko Mode, PA
2xLMifQCjDGFmkHkpNLD9h,Sicko Mode, PE
2xLMifQCjDGFmkHkpNLD9h,Sicko Mode, PH
2xLMifQCjDGFmkHkpNLD9h,Sicko Mode, PL
2xLMifQCjDGFmkHkpNLD9h,Sicko Mode, PS
2xLMifQCjDGFmkHkpNLD9h,Sicko Mode, PT
2xLMifQCjDGFmkHkpNLD9h,Sicko Mode, PY
2xLMifQCjDGFmkHkpNLD9h,Sicko Mode, QA
2xLMifQCjDGFmkHkpNLD9h,Sicko Mode, RO
2xLMifQCjDGFmkHkpNLD9h,Sicko Mode, SA
2xLMifQCjDGFmkHkpNLD9h,Sicko Mode, SE
2xLMifQCjDGFmkHkpNLD9h,Sicko Mode, SG
2xLMifQCjDGFmkHkpNLD9h,Sicko Mode, SK
2xLMifQCjDGFmkHkpNLD9h,Sicko Mode, SV
2xLMifQCjDGFmkHkpNLD9h,Sicko Mode, TH
2xLMifQCjDGFmkHkpNLD9h,Sicko Mode, TN
2xLMifQCjDGFmkHkpNLD9h,Sicko Mode, TR
2xLMifQCjDGFmkHkpNLD9h,Sicko Mode, TW
2xLMifQCjDGFmkHkpNLD9h,Sicko Mode, US
2xLMifQCjDGFmkHkpNLD9h,Sicko Mode, UY
2xLMifQCjDGFmkHkpNLD9h,Sicko Mode, VN
2xLMifQCjDGFmkHkpNLD9h,Sicko Mode, ZA
2dpaYNEQHiRxtZbfNsse99,Happier,AD
2dpaYNEQHiRxtZbfNsse99,Happier, AE
2dpaYNEQHiRxtZbfNsse99,Happier, AR
2dpaYNEQHiRxtZbfNsse99,Happier, AT
2dpaYNEQHiRxtZbfNsse99,Happier, AU
2dpaYNEQHiRxtZbfNsse99,Happier, BE
2dpaYNEQHiRxtZbfNsse99,Happier, BG
2dpaYNEQHiRxtZbfNsse99,Happier, BH
2dpaYNEQHiRxtZbfNsse99,Happier, BO
2dpaYNEQHiRxtZbfNsse99,Happier, BR
2dpaYNEQHiRxtZbfNsse99,Happier, CA
2dpaYNEQHiRxtZbfNsse99,Happier, CH
2dpaYNEQHiRxtZbfNsse99,Happier, CL
2dpaYNEQHiRxtZbfNsse99,Happier, CO
2dpaYNEQHiRxtZbfNsse99,Happier, CR
2dpaYNEQHiRxtZbfNsse99,Happier, CY
2dpaYNEQHiRxtZbfNsse99,Happier, CZ
2dpaYNEQHiRxtZbfNsse99,Happier, DE
2dpaYNEQHiRxtZbfNsse99,Happier, DK
2dpaYNEQHiRxtZbfNsse99,Happier, DO
2dpaYNEQHiRxtZbfNsse99,Happier, DZ
2dpaYNEQHiRxtZbfNsse99,Happier, EC
2dpaYNEQHiRxtZbfNsse99,Happier, EE
2dpaYNEQHiRxtZbfNsse99,Happier, EG
2dpaYNEQHiRxtZbfNsse99,Happier, ES
2dpaYNEQHiRxtZbfNsse99,Happier, FI
2dpaYNEQHiRxtZbfNsse99,Happier, FR
2dpaYNEQHiRxtZbfNsse99,Happier, GB
2dpaYNEQHiRxtZbfNsse99,Happier, GR
2dpaYNEQHiRxtZbfNsse99,Happier, GT
2dpaYNEQHiRxtZbfNsse99,Happier, HK
2dpaYNEQHiRxtZbfNsse99,Happier, HN
2dpaYNEQHiRxtZbfNsse99,Happier, HU
2dpaYNEQHiRxtZbfNsse99,Happier, ID
2dpaYNEQHiRxtZbfNsse99,Happier, IE
2dpaYNEQHiRxtZbfNsse99,Happier, IL
2dpaYNEQHiRxtZbfNsse99,Happier, IS
2dpaYNEQHiRxtZbfNsse99,Happier, IT
2dpaYNEQHiRxtZbfNsse99,Happier, JO
2dpaYNEQHiRxtZbfNsse99,Happier, JP
2dpaYNEQHiRxtZbfNsse99,Happier, KW
2dpaYNEQHiRxtZbfNsse99,Happier, LB
2dpaYNEQHiRxtZbfNsse99,Happier, LI
2dpaYNEQHiRxtZbfNsse99,Happier, LT
2dpaYNEQHiRxtZbfNsse99,Happier, LU
2dpaYNEQHiRxtZbfNsse99,Happier, LV
2dpaYNEQHiRxtZbfNsse99,Happier, MA
2dpaYNEQHiRxtZbfNsse99,Happier, MC
2dpaYNEQHiRxtZbfNsse99,Happier, MT
2dpaYNEQHiRxtZbfNsse99,Happier, MX
2dpaYNEQHiRxtZbfNsse99,Happier, MY
2dpaYNEQHiRxtZbfNsse99,Happier, NI
2dpaYNEQHiRxtZbfNsse99,Happier, NL
2dpaYNEQHiRxtZbfNsse99,Happier, NO
2dpaYNEQHiRxtZbfNsse99,Happier, NZ
2dpaYNEQHiRxtZbfNsse99,Happier, OM
2dpaYNEQHiRxtZbfNsse99,Happier, PA
2dpaYNEQHiRxtZbfNsse99,Happier, PE
2dpaYNEQHiRxtZbfNsse99,Happier, PH
2dpaYNEQHiRxtZbfNsse99,Happier, PL
2dpaYNEQHiRxtZbfNsse99,Happier, PS
2dpaYNEQHiRxtZbfNsse99,Happier, PT
2dpaYNEQHiRxtZbfNsse99,Happier, PY
2dpaYNEQHiRxtZbfNsse99,Happier, QA
2dpaYNEQHiRxtZbfNsse99,Happier, RO
2dpaYNEQHiRxtZbfNsse99,Happier, SA
2dpaYNEQHiRxtZbfNsse99,Happier, SE
2dpaYNEQHiRxtZbfNsse99,Happier, SG
2dpaYNEQHiRxtZbfNsse99,Happier, SK
2dpaYNEQHiRxtZbfNsse99,Happier, SV
2dpaYNEQHiRxtZbfNsse99,Happier, TH
2dpaYNEQHiRxtZbfNsse99,Happier, TN
2dpaYNEQHiRxtZbfNsse99,Happier, TR
2dpaYNEQHiRxtZbfNsse99,Happier, TW
2dpaYNEQHiRxtZbfNsse99,Happier, US
2dpaYNEQHiRxtZbfNsse99,Happier, UY
2dpaYNEQHiRxtZbfNsse99,Happier, VN
2dpaYNEQHiRxtZbfNsse99,Happier, ZA
1rqqCSm0Qe4I9rUvWncaom,High Hopes,AD
1rqqCSm0Qe4I9rUvWncaom,High Hopes, AE
1rqqCSm0Qe4I9rUvWncaom,High Hopes, AR
1rqqCSm0Qe4I9rUvWncaom,High Hopes, AT
1rqqCSm0Qe4I9rUvWncaom,High Hopes, AU
1rqqCSm0Qe4I9rUvWncaom,High Hopes, BE
1rqqCSm0Qe4I9rUvWncaom,High Hopes, BG
1rqqCSm0Qe4I9rUvWncaom,High Hopes, BH
1rqqCSm0Qe4I9rUvWncaom,High Hopes, BO
1rqqCSm0Qe4I9rUvWncaom,High Hopes, BR
1rqqCSm0Qe4I9rUvWncaom,High Hopes, CA
1rqqCSm0Qe4I9rUvWncaom,High Hopes, CH
1rqqCSm0Qe4I9rUvWncaom,High Hopes, CL
1rqqCSm0Qe4I9rUvWncaom,High Hopes, CO
1rqqCSm0Qe4I9rUvWncaom,High Hopes, CR
1rqqCSm0Qe4I9rUvWncaom,High Hopes, CY
1rqqCSm0Qe4I9rUvWncaom,High Hopes, CZ
1rqqCSm0Qe4I9rUvWncaom,High Hopes, DE
1rqqCSm0Qe4I9rUvWncaom,High Hopes, DK
1rqqCSm0Qe4I9rUvWncaom,High Hopes, DO
1rqqCSm0Qe4I9rUvWncaom,High Hopes, DZ
1rqqCSm0Qe4I9rUvWncaom,High Hopes, EC
1rqqCSm0Qe4I9rUvWncaom,High Hopes, EE
1rqqCSm0Qe4I9rUvWncaom,High Hopes, EG
1rqqCSm0Qe4I9rUvWncaom,High Hopes, ES
1rqqCSm0Qe4I9rUvWncaom,High Hopes, FI
1rqqCSm0Qe4I9rUvWncaom,High Hopes, FR
1rqqCSm0Qe4I9rUvWncaom,High Hopes, GB
1rqqCSm0Qe4I9rUvWncaom,High Hopes, GR
1rqqCSm0Qe4I9rUvWncaom,High Hopes, GT
1rqqCSm0Qe4I9rUvWncaom,High Hopes, HK
1rqqCSm0Qe4I9rUvWncaom,High Hopes, HN
1rqqCSm0Qe4I9rUvWncaom,High Hopes, HU
1rqqCSm0Qe4I9rUvWncaom,High Hopes, ID
1rqqCSm0Qe4I9rUvWncaom,High Hopes, IE
1rqqCSm0Qe4I9rUvWncaom,High Hopes, IL
1rqqCSm0Qe4I9rUvWncaom,High Hopes, IS
1rqqCSm0Qe4I9rUvWncaom,High Hopes, IT
1rqqCSm0Qe4I9rUvWncaom,High Hopes, JO
1rqqCSm0Qe4I9rUvWncaom,High Hopes, JP
1rqqCSm0Qe4I9rUvWncaom,High Hopes, KW
1rqqCSm0Qe4I9rUvWncaom,High Hopes, LB
1rqqCSm0Qe4I9rUvWncaom,High Hopes, LI
1rqqCSm0Qe4I9rUvWncaom,High Hopes, LT
1rqqCSm0Qe4I9rUvWncaom,High Hopes, LU
1rqqCSm0Qe4I9rUvWncaom,High Hopes, LV
1rqqCSm0Qe4I9rUvWncaom,High Hopes, MA
1rqqCSm0Qe4I9rUvWncaom,High Hopes, MC
1rqqCSm0Qe4I9rUvWncaom,High Hopes, MT
1rqqCSm0Qe4I9rUvWncaom,High Hopes, MX
1rqqCSm0Qe4I9rUvWncaom,High Hopes, MY
1rqqCSm0Qe4I9rUvWncaom,High Hopes, NI
1rqqCSm0Qe4I9rUvWncaom,High Hopes, NL
1rqqCSm0Qe4I9rUvWncaom,High Hopes, NO
1rqqCSm0Qe4I9rUvWncaom,High Hopes, NZ
1rqqCSm0Qe4I9rUvWncaom,High Hopes, OM
1rqqCSm0Qe4I9rUvWncaom,High Hopes, PA
1rqqCSm0Qe4I9rUvWncaom,High Hopes, PE
1rqqCSm0Qe4I9rUvWncaom,High Hopes, PH
1rqqCSm0Qe4I9rUvWncaom,High Hopes, PL
1rqqCSm0Qe4I9rUvWncaom,High Hopes, PS
1rqqCSm0Qe4I9rUvWncaom,High Hopes, PT
1rqqCSm0Qe4I9rUvWncaom,High Hopes, PY
1rqqCSm0Qe4I9rUvWncaom,High Hopes, QA
1rqqCSm0Qe4I9rUvWncaom,High Hopes, RO
1rqqCSm0Qe4I9rUvWncaom,High Hopes, SA
1rqqCSm0Qe4I9rUvWncaom,High Hopes, SE
1rqqCSm0Qe4I9rUvWncaom,High Hopes, SG
1rqqCSm0Qe4I9rUvWncaom,High Hopes, SK
1rqqCSm0Qe4I9rUvWncaom,High Hopes, SV
1rqqCSm0Qe4I9rUvWncaom,High Hopes, TH
1rqqCSm0Qe4I9rUvWncaom,High Hopes, TN
1rqqCSm0Qe4I9rUvWncaom,High Hopes, TR
1rqqCSm0Qe4I9rUvWncaom,High Hopes, TW
1rqqCSm0Qe4I9rUvWncaom,High Hopes, US
1rqqCSm0Qe4I9rUvWncaom,High Hopes, UY
1rqqCSm0Qe4I9rUvWncaom,High Hopes, VN
1rqqCSm0Qe4I9rUvWncaom,High Hopes, ZA
0bYg9bo50gSsH3LtXe2SQn,All I Want For Christmas Is You,AD
0bYg9bo50gSsH3LtXe2SQn,All I Want For Christmas Is You, AE
0bYg9bo50gSsH3LtXe2SQn,All I Want For Christmas Is You, AR
0bYg9bo50gSsH3LtXe2SQn,All I Want For Christmas Is You, AT
0bYg9bo50gSsH3LtXe2SQn,All I Want For Christmas Is You, AU
0bYg9bo50gSsH3LtXe2SQn,All I Want For Christmas Is You, BE
0bYg9bo50gSsH3LtXe2SQn,All I Want For Christmas Is You, BG
0bYg9bo50gSsH3LtXe2SQn,All I Want For Christmas Is You, BH
0bYg9bo50gSsH3LtXe2SQn,All I Want For Christmas Is You, BO
0bYg9bo50gSsH3LtXe2SQn,All I Want For Christmas Is You, BR
0bYg9bo50gSsH3LtXe2SQn,All I Want For Christmas Is You, CA
0bYg9bo50gSsH3LtXe2SQn,All I Want For Christmas Is You, CH
0bYg9bo50gSsH3LtXe2SQn,All I Want For Christmas Is You, CL
0bYg9bo50gSsH3LtXe2SQn,All I Want For Christmas Is You, CO
0bYg9bo50gSsH3LtXe2SQn,All I Want For Christmas Is You, CR
0bYg9bo50gSsH3LtXe2SQn,All I Want For Christmas Is You, CY
0bYg9bo50gSsH3LtXe2SQn,All I Want For Christmas Is You, CZ
0bYg9bo50gSsH3LtXe2SQn,All I Want For Christmas Is You, DE
0bYg9bo50gSsH3LtXe2SQn,All I Want For Christmas Is You, DK
0bYg9bo50gSsH3LtXe2SQn,All I Want For Christmas Is You, DO
0bYg9bo50gSsH3LtXe2SQn,All I Want For Christmas Is You, DZ
0bYg9bo50gSsH3LtXe2SQn,All I Want For Christmas Is You, EC
0bYg9bo50gSsH3LtXe2SQn,All I Want For Christmas Is You, EE
0bYg9bo50gSsH3LtXe2SQn,All I Want For Christmas Is You, EG
0bYg9bo50gSsH3LtXe2SQn,All I Want For Christmas Is You, ES
0bYg9bo50gSsH3LtXe2SQn,All I Want For Christmas Is You, FI
0bYg9bo50gSsH3LtXe2SQn,All I Want For Christmas Is You, FR
0bYg9bo50gSsH3LtXe2SQn,All I Want For Christmas Is You, GB
0bYg9bo50gSsH3LtXe2SQn,All I Want For Christmas Is You, GR
0bYg9bo50gSsH3LtXe2SQn,All I Want For Christmas Is You, GT
0bYg9bo50gSsH3LtXe2SQn,All I Want For Christmas Is You, HK
0bYg9bo50gSsH3LtXe2SQn,All I Want For Christmas Is You, HN
0bYg9bo50gSsH3LtXe2SQn,All I Want For Christmas Is You, HU
0bYg9bo50gSsH3LtXe2SQn,All I Want For Christmas Is You, ID
0bYg9bo50gSsH3LtXe2SQn,All I Want For Christmas Is You, IE
0bYg9bo50gSsH3LtXe2SQn,All I Want For Christmas Is You, IL
0bYg9bo50gSsH3LtXe2SQn,All I Want For Christmas Is You, IS
0bYg9bo50gSsH3LtXe2SQn,All I Want For Christmas Is You, IT
0bYg9bo50gSsH3LtXe2SQn,All I Want For Christmas Is You, JO
0bYg9bo50gSsH3LtXe2SQn,All I Want For Christmas Is You, JP
0bYg9bo50gSsH3LtXe2SQn,All I Want For Christmas Is You, KW
0bYg9bo50gSsH3LtXe2SQn,All I Want For Christmas Is You, LB
0bYg9bo50gSsH3LtXe2SQn,All I Want For Christmas Is You, LI
0bYg9bo50gSsH3LtXe2SQn,All I Want For Christmas Is You, LT
0bYg9bo50gSsH3LtXe2SQn,All I Want For Christmas Is You, LU
0bYg9bo50gSsH3LtXe2SQn,All I Want For Christmas Is You, LV
0bYg9bo50gSsH3LtXe2SQn,All I Want For Christmas Is You, MA
0bYg9bo50gSsH3LtXe2SQn,All I Want For Christmas Is You, MC
0bYg9bo50gSsH3LtXe2SQn,All I Want For Christmas Is You, MT
0bYg9bo50gSsH3LtXe2SQn,All I Want For Christmas Is You, MX
0bYg9bo50gSsH3LtXe2SQn,All I Want For Christmas Is You, MY
0bYg9bo50gSsH3LtXe2SQn,All I Want For Christmas Is You, NI
0bYg9bo50gSsH3LtXe2SQn,All I Want For Christmas Is You, NL
0bYg9bo50gSsH3LtXe2SQn,All I Want For Christmas Is You, NO
0bYg9bo50gSsH3LtXe2SQn,All I Want For Christmas Is You, NZ
0bYg9bo50gSsH3LtXe2SQn,All I Want For Christmas Is You, OM
0bYg9bo50gSsH3LtXe2SQn,All I Want For Christmas Is You, PA
0bYg9bo50gSsH3LtXe2SQn,All I Want For Christmas Is You, PE
0bYg9bo50gSsH3LtXe2SQn,All I Want For Christmas Is You, PH
0bYg9bo50gSsH3LtXe2SQn,All I Want For Christmas Is You, PL
0bYg9bo50gSsH3LtXe2SQn,All I Want For Christmas Is You, PS
0bYg9bo50gSsH3LtXe2SQn,All I Want For Christmas Is You, PT
0bYg9bo50gSsH3LtXe2SQn,All I Want For Christmas Is You, PY
0bYg9bo50gSsH3LtXe2SQn,All I Want For Christmas Is You, QA
0bYg9bo50gSsH3LtXe2SQn,All I Want For Christmas Is You, RO
0bYg9bo50gSsH3LtXe2SQn,All I Want For Christmas Is You, SA
0bYg9bo50gSsH3LtXe2SQn,All I Want For Christmas Is You, SE
0bYg9bo50gSsH3LtXe2SQn,All I Want For Christmas Is You, SG
0bYg9bo50gSsH3LtXe2SQn,All I Want For Christmas Is You, SK
0bYg9bo50gSsH3LtXe2SQn,All I Want For Christmas Is You, SV
0bYg9bo50gSsH3LtXe2SQn,All I Want For Christmas Is You, TH
0bYg9bo50gSsH3LtXe2SQn,All I Want For Christmas Is You, TN
0bYg9bo50gSsH3LtXe2SQn,All I Want For Christmas Is You, TR
0bYg9bo50gSsH3LtXe2SQn,All I Want For Christmas Is You, TW
0bYg9bo50gSsH3LtXe2SQn,All I Want For Christmas Is You, US
0bYg9bo50gSsH3LtXe2SQn,All I Want For Christmas Is You, UY
0bYg9bo50gSsH3LtXe2SQn,All I Want For Christmas Is You, VN
0bYg9bo50gSsH3LtXe2SQn,All I Want For Christmas Is You, ZA
3KkXRkHbMCARz0aVfEt68P,Sunflower (Spider-Man: Into The Spider-Verse),AD
3KkXRkHbMCARz0aVfEt68P,Sunflower (Spider-Man: Into The Spider-Verse), AE
3KkXRkHbMCARz0aVfEt68P,Sunflower (Spider-Man: Into The Spider-Verse), AR
3KkXRkHbMCARz0aVfEt68P,Sunflower (Spider-Man: Into The Spider-Verse), AT
3KkXRkHbMCARz0aVfEt68P,Sunflower (Spider-Man: Into The Spider-Verse), AU
3KkXRkHbMCARz0aVfEt68P,Sunflower (Spider-Man: Into The Spider-Verse), BE
3KkXRkHbMCARz0aVfEt68P,Sunflower (Spider-Man: Into The Spider-Verse), BG
3KkXRkHbMCARz0aVfEt68P,Sunflower (Spider-Man: Into The Spider-Verse), BH
3KkXRkHbMCARz0aVfEt68P,Sunflower (Spider-Man: Into The Spider-Verse), BO
3KkXRkHbMCARz0aVfEt68P,Sunflower (Spider-Man: Into The Spider-Verse), BR
3KkXRkHbMCARz0aVfEt68P,Sunflower (Spider-Man: Into The Spider-Verse), CA
3KkXRkHbMCARz0aVfEt68P,Sunflower (Spider-Man: Into The Spider-Verse), CH
3KkXRkHbMCARz0aVfEt68P,Sunflower (Spider-Man: Into The Spider-Verse), CL
3KkXRkHbMCARz0aVfEt68P,Sunflower (Spider-Man: Into The Spider-Verse), CO
3KkXRkHbMCARz0aVfEt68P,Sunflower (Spider-Man: Into The Spider-Verse), CR
3KkXRkHbMCARz0aVfEt68P,Sunflower (Spider-Man: Into The Spider-Verse), CY
3KkXRkHbMCARz0aVfEt68P,Sunflower (Spider-Man: Into The Spider-Verse), CZ
3KkXRkHbMCARz0aVfEt68P,Sunflower (Spider-Man: Into The Spider-Verse), DE
3KkXRkHbMCARz0aVfEt68P,Sunflower (Spider-Man: Into The Spider-Verse), DK
3KkXRkHbMCARz0aVfEt68P,Sunflower (Spider-Man: Into The Spider-Verse), DO
3KkXRkHbMCARz0aVfEt68P,Sunflower (Spider-Man: Into The Spider-Verse), DZ
3KkXRkHbMCARz0aVfEt68P,Sunflower (Spider-Man: Into The Spider-Verse), EC
3KkXRkHbMCARz0aVfEt68P,Sunflower (Spider-Man: Into The Spider-Verse), EE
3KkXRkHbMCARz0aVfEt68P,Sunflower (Spider-Man: Into The Spider-Verse), EG
3KkXRkHbMCARz0aVfEt68P,Sunflower (Spider-Man: Into The Spider-Verse), ES
3KkXRkHbMCARz0aVfEt68P,Sunflower (Spider-Man: Into The Spider-Verse), FI
3KkXRkHbMCARz0aVfEt68P,Sunflower (Spider-Man: Into The Spider-Verse), FR
3KkXRkHbMCARz0aVfEt68P,Sunflower (Spider-Man: Into The Spider-Verse), GB
3KkXRkHbMCARz0aVfEt68P,Sunflower (Spider-Man: Into The Spider-Verse), GR
3KkXRkHbMCARz0aVfEt68P,Sunflower (Spider-Man: Into The Spider-Verse), GT
3KkXRkHbMCARz0aVfEt68P,Sunflower (Spider-Man: Into The Spider-Verse), HK
3KkXRkHbMCARz0aVfEt68P,Sunflower (Spider-Man: Into The Spider-Verse), HN
3KkXRkHbMCARz0aVfEt68P,Sunflower (Spider-Man: Into The Spider-Verse), HU
3KkXRkHbMCARz0aVfEt68P,Sunflower (Spider-Man: Into The Spider-Verse), ID
3KkXRkHbMCARz0aVfEt68P,Sunflower (Spider-Man: Into The Spider-Verse), IE
3KkXRkHbMCARz0aVfEt68P,Sunflower (Spider-Man: Into The Spider-Verse), IL
3KkXRkHbMCARz0aVfEt68P,Sunflower (Spider-Man: Into The Spider-Verse), IS
3KkXRkHbMCARz0aVfEt68P,Sunflower (Spider-Man: Into The Spider-Verse), IT
3KkXRkHbMCARz0aVfEt68P,Sunflower (Spider-Man: Into The Spider-Verse), JO
3KkXRkHbMCARz0aVfEt68P,Sunflower (Spider-Man: Into The Spider-Verse), JP
3KkXRkHbMCARz0aVfEt68P,Sunflower (Spider-Man: Into The Spider-Verse), KW
3KkXRkHbMCARz0aVfEt68P,Sunflower (Spider-Man: Into The Spider-Verse), LB
3KkXRkHbMCARz0aVfEt68P,Sunflower (Spider-Man: Into The Spider-Verse), LI
3KkXRkHbMCARz0aVfEt68P,Sunflower (Spider-Man: Into The Spider-Verse), LT
3KkXRkHbMCARz0aVfEt68P,Sunflower (Spider-Man: Into The Spider-Verse), LU
3KkXRkHbMCARz0aVfEt68P,Sunflower (Spider-Man: Into The Spider-Verse), LV
3KkXRkHbMCARz0aVfEt68P,Sunflower (Spider-Man: Into The Spider-Verse), MA
3KkXRkHbMCARz0aVfEt68P,Sunflower (Spider-Man: Into The Spider-Verse), MC
3KkXRkHbMCARz0aVfEt68P,Sunflower (Spider-Man: Into The Spider-Verse), MT
3KkXRkHbMCARz0aVfEt68P,Sunflower (Spider-Man: Into The Spider-Verse), MX
3KkXRkHbMCARz0aVfEt68P,Sunflower (Spider-Man: Into The Spider-Verse), MY
3KkXRkHbMCARz0aVfEt68P,Sunflower (Spider-Man: Into The Spider-Verse), NI
3KkXRkHbMCARz0aVfEt68P,Sunflower (Spider-Man: Into The Spider-Verse), NL
3KkXRkHbMCARz0aVfEt68P,Sunflower (Spider-Man: Into The Spider-Verse), NO
3KkXRkHbMCARz0aVfEt68P,Sunflower (Spider-Man: Into The Spider-Verse), NZ
3KkXRkHbMCARz0aVfEt68P,Sunflower (Spider-Man: Into The Spider-Verse), OM
3KkXRkHbMCARz0aVfEt68P,Sunflower (Spider-Man: Into The Spider-Verse), PA
3KkXRkHbMCARz0aVfEt68P,Sunflower (Spider-Man: Into The Spider-Verse), PE
3KkXRkHbMCARz0aVfEt68P,Sunflower (Spider-Man: Into The Spider-Verse), PH
3KkXRkHbMCARz0aVfEt68P,Sunflower (Spider-Man: Into The Spider-Verse), PL
3KkXRkHbMCARz0aVfEt68P,Sunflower (Spider-Man: Into The Spider-Verse), PS
3KkXRkHbMCARz0aVfEt68P,Sunflower (Spider-Man: Into The Spider-Verse), PT
3KkXRkHbMCARz0aVfEt68P,Sunflower (Spider-Man: Into The Spider-Verse), PY
3KkXRkHbMCARz0aVfEt68P,Sunflower (Spider-Man: Into The Spider-Verse), QA
3KkXRkHbMCARz0aVfEt68P,Sunflower (Spider-Man: Into The Spider-Verse), RO
3KkXRkHbMCARz0aVfEt68P,Sunflower (Spider-Man: Into The Spider-Verse), SA
3KkXRkHbMCARz0aVfEt68P,Sunflower (Spider-Man: Into The Spider-Verse), SE
3KkXRkHbMCARz0aVfEt68P,Sunflower (Spider-Man: Into The Spider-Verse), SG
3KkXRkHbMCARz0aVfEt68P,Sunflower (Spider-Man: Into The Spider-Verse), SK
3KkXRkHbMCARz0aVfEt68P,Sunflower (Spider-Man: Into The Spider-Verse), SV
3KkXRkHbMCARz0aVfEt68P,Sunflower (Spider-Man: Into The Spider-Verse), TH
3KkXRkHbMCARz0aVfEt68P,Sunflower (Spider-Man: Into The Spider-Verse), TN
3KkXRkHbMCARz0aVfEt68P,Sunflower (Spider-Man: Into The Spider-Verse), TR
3KkXRkHbMCARz0aVfEt68P,Sunflower (Spider-Man: Into The Spider-Verse), TW
3KkXRkHbMCARz0aVfEt68P,Sunflower (Spider-Man: Into The Spider-Verse), US
3KkXRkHbMCARz0aVfEt68P,Sunflower (Spider-Man: Into The Spider-Verse), UY
3KkXRkHbMCARz0aVfEt68P,Sunflower (Spider-Man: Into The Spider-Verse), VN
3KkXRkHbMCARz0aVfEt68P,Sunflower (Spider-Man: Into The Spider-Verse), ZA
78QR3Wp35dqAhFEc2qAGjE,Drip Too Hard,AD
78QR3Wp35dqAhFEc2qAGjE,Drip Too Hard, AE
78QR3Wp35dqAhFEc2qAGjE,Drip Too Hard, AR
78QR3Wp35dqAhFEc2qAGjE,Drip Too Hard, AT
78QR3Wp35dqAhFEc2qAGjE,Drip Too Hard, AU
78QR3Wp35dqAhFEc2qAGjE,Drip Too Hard, BE
78QR3Wp35dqAhFEc2qAGjE,Drip Too Hard, BG
78QR3Wp35dqAhFEc2qAGjE,Drip Too Hard, BH
78QR3Wp35dqAhFEc2qAGjE,Drip Too Hard, BO
78QR3Wp35dqAhFEc2qAGjE,Drip Too Hard, BR
78QR3Wp35dqAhFEc2qAGjE,Drip Too Hard, CA
78QR3Wp35dqAhFEc2qAGjE,Drip Too Hard, CH
78QR3Wp35dqAhFEc2qAGjE,Drip Too Hard, CL
78QR3Wp35dqAhFEc2qAGjE,Drip Too Hard, CO
78QR3Wp35dqAhFEc2qAGjE,Drip Too Hard, CR
78QR3Wp35dqAhFEc2qAGjE,Drip Too Hard, CY
78QR3Wp35dqAhFEc2qAGjE,Drip Too Hard, CZ
78QR3Wp35dqAhFEc2qAGjE,Drip Too Hard, DE
78QR3Wp35dqAhFEc2qAGjE,Drip Too Hard, DK
78QR3Wp35dqAhFEc2qAGjE,Drip Too Hard, DO
78QR3Wp35dqAhFEc2qAGjE,Drip Too Hard, DZ
78QR3Wp35dqAhFEc2qAGjE,Drip Too Hard, EC
78QR3Wp35dqAhFEc2qAGjE,Drip Too Hard, EE
78QR3Wp35dqAhFEc2qAGjE,Drip Too Hard, EG
78QR3Wp35dqAhFEc2qAGjE,Drip Too Hard, ES
78QR3Wp35dqAhFEc2qAGjE,Drip Too Hard, FI
78QR3Wp35dqAhFEc2qAGjE,Drip Too Hard, FR
78QR3Wp35dqAhFEc2qAGjE,Drip Too Hard, GB
78QR3Wp35dqAhFEc2qAGjE,Drip Too Hard, GR
78QR3Wp35dqAhFEc2qAGjE,Drip Too Hard, GT
78QR3Wp35dqAhFEc2qAGjE,Drip Too Hard, HK
78QR3Wp35dqAhFEc2qAGjE,Drip Too Hard, HN
78QR3Wp35dqAhFEc2qAGjE,Drip Too Hard, HU
78QR3Wp35dqAhFEc2qAGjE,Drip Too Hard, ID
78QR3Wp35dqAhFEc2qAGjE,Drip Too Hard, IE
78QR3Wp35dqAhFEc2qAGjE,Drip Too Hard, IL
78QR3Wp35dqAhFEc2qAGjE,Drip Too Hard, IS
78QR3Wp35dqAhFEc2qAGjE,Drip Too Hard, IT
78QR3Wp35dqAhFEc2qAGjE,Drip Too Hard, JO
78QR3Wp35dqAhFEc2qAGjE,Drip Too Hard, JP
78QR3Wp35dqAhFEc2qAGjE,Drip Too Hard, KW
78QR3Wp35dqAhFEc2qAGjE,Drip Too Hard, LB
78QR3Wp35dqAhFEc2qAGjE,Drip Too Hard, LI
78QR3Wp35dqAhFEc2qAGjE,Drip Too Hard, LT
78QR3Wp35dqAhFEc2qAGjE,Drip Too Hard, LU
78QR3Wp35dqAhFEc2qAGjE,Drip Too Hard, LV
78QR3Wp35dqAhFEc2qAGjE,Drip Too Hard, MA
78QR3Wp35dqAhFEc2qAGjE,Drip Too Hard, MC
78QR3Wp35dqAhFEc2qAGjE,Drip Too Hard, MT
78QR3Wp35dqAhFEc2qAGjE,Drip Too Hard, MX
78QR3Wp35dqAhFEc2qAGjE,Drip Too Hard, MY
78QR3Wp35dqAhFEc2qAGjE,Drip Too Hard, NI
78QR3Wp35dqAhFEc2qAGjE,Drip Too Hard, NL
78QR3Wp35dqAhFEc2qAGjE,Drip Too Hard, NO
78QR3Wp35dqAhFEc2qAGjE,Drip Too Hard, NZ
78QR3Wp35dqAhFEc2qAGjE,Drip Too Hard, OM
78QR3Wp35dqAhFEc2qAGjE,Drip Too Hard, PA
78QR3Wp35dqAhFEc2qAGjE,Drip Too Hard, PE
78QR3Wp35dqAhFEc2qAGjE,Drip Too Hard, PH
78QR3Wp35dqAhFEc2qAGjE,Drip Too Hard, PL
78QR3Wp35dqAhFEc2qAGjE,Drip Too Hard, PS
78QR3Wp35dqAhFEc2qAGjE,Drip Too Hard, PT
78QR3Wp35dqAhFEc2qAGjE,Drip Too Hard, PY
78QR3Wp35dqAhFEc2qAGjE,Drip Too Hard, QA
78QR3Wp35dqAhFEc2qAGjE,Drip Too Hard, RO
78QR3Wp35dqAhFEc2qAGjE,Drip Too Hard, SA
78QR3Wp35dqAhFEc2qAGjE,Drip Too Hard, SE
78QR3Wp35dqAhFEc2qAGjE,Drip Too Hard, SG
78QR3Wp35dqAhFEc2qAGjE,Drip Too Hard, SK
78QR3Wp35dqAhFEc2qAGjE,Drip Too Hard, SV
78QR3Wp35dqAhFEc2qAGjE,Drip Too Hard, TH
78QR3Wp35dqAhFEc2qAGjE,Drip Too Hard, TN
78QR3Wp35dqAhFEc2qAGjE,Drip Too Hard, TR
78QR3Wp35dqAhFEc2qAGjE,Drip Too Hard, TW
78QR3Wp35dqAhFEc2qAGjE,Drip Too Hard, US
78QR3Wp35dqAhFEc2qAGjE,Drip Too Hard, UY
78QR3Wp35dqAhFEc2qAGjE,Drip Too Hard, VN
78QR3Wp35dqAhFEc2qAGjE,Drip Too Hard, ZA
0FZ4Dmg8jJJAPJnvBIzD9z,ZEZE,AD
0FZ4Dmg8jJJAPJnvBIzD9z,ZEZE, AE
0FZ4Dmg8jJJAPJnvBIzD9z,ZEZE, AR
0FZ4Dmg8jJJAPJnvBIzD9z,ZEZE, AT
0FZ4Dmg8jJJAPJnvBIzD9z,ZEZE, AU
0FZ4Dmg8jJJAPJnvBIzD9z,ZEZE, BE
0FZ4Dmg8jJJAPJnvBIzD9z,ZEZE, BG
0FZ4Dmg8jJJAPJnvBIzD9z,ZEZE, BH
0FZ4Dmg8jJJAPJnvBIzD9z,ZEZE, BO
0FZ4Dmg8jJJAPJnvBIzD9z,ZEZE, BR
0FZ4Dmg8jJJAPJnvBIzD9z,ZEZE, CA
0FZ4Dmg8jJJAPJnvBIzD9z,ZEZE, CH
0FZ4Dmg8jJJAPJnvBIzD9z,ZEZE, CL
0FZ4Dmg8jJJAPJnvBIzD9z,ZEZE, CO
0FZ4Dmg8jJJAPJnvBIzD9z,ZEZE, CR
0FZ4Dmg8jJJAPJnvBIzD9z,ZEZE, CY
0FZ4Dmg8jJJAPJnvBIzD9z,ZEZE, CZ
0FZ4Dmg8jJJAPJnvBIzD9z,ZEZE, DE
0FZ4Dmg8jJJAPJnvBIzD9z,ZEZE, DK
0FZ4Dmg8jJJAPJnvBIzD9z,ZEZE, DO
0FZ4Dmg8jJJAPJnvBIzD9z,ZEZE, DZ
0FZ4Dmg8jJJAPJnvBIzD9z,ZEZE, EC
0FZ4Dmg8jJJAPJnvBIzD9z,ZEZE, EE
0FZ4Dmg8jJJAPJnvBIzD9z,ZEZE, EG
0FZ4Dmg8jJJAPJnvBIzD9z,ZEZE, ES
0FZ4Dmg8jJJAPJnvBIzD9z,ZEZE, FI
0FZ4Dmg8jJJAPJnvBIzD9z,ZEZE, FR
0FZ4Dmg8jJJAPJnvBIzD9z,ZEZE, GB
0FZ4Dmg8jJJAPJnvBIzD9z,ZEZE, GR
0FZ4Dmg8jJJAPJnvBIzD9z,ZEZE, GT
0FZ4Dmg8jJJAPJnvBIzD9z,ZEZE, HK
0FZ4Dmg8jJJAPJnvBIzD9z,ZEZE, HN
0FZ4Dmg8jJJAPJnvBIzD9z,ZEZE, HU
0FZ4Dmg8jJJAPJnvBIzD9z,ZEZE, ID
0FZ4Dmg8jJJAPJnvBIzD9z,ZEZE, IE
0FZ4Dmg8jJJAPJnvBIzD9z,ZEZE, IL
0FZ4Dmg8jJJAPJnvBIzD9z,ZEZE, IS
0FZ4Dmg8jJJAPJnvBIzD9z,ZEZE, IT
0FZ4Dmg8jJJAPJnvBIzD9z,ZEZE, JO
0FZ4Dmg8jJJAPJnvBIzD9z,ZEZE, JP
0FZ4Dmg8jJJAPJnvBIzD9z,ZEZE, KW
0FZ4Dmg8jJJAPJnvBIzD9z,ZEZE, LB
0FZ4Dmg8jJJAPJnvBIzD9z,ZEZE, LI
0FZ4Dmg8jJJAPJnvBIzD9z,ZEZE, LT
0FZ4Dmg8jJJAPJnvBIzD9z,ZEZE, LU
0FZ4Dmg8jJJAPJnvBIzD9z,ZEZE, LV
0FZ4Dmg8jJJAPJnvBIzD9z,ZEZE, MA
0FZ4Dmg8jJJAPJnvBIzD9z,ZEZE, MC
0FZ4Dmg8jJJAPJnvBIzD9z,ZEZE, MT
0FZ4Dmg8jJJAPJnvBIzD9z,ZEZE, MX
0FZ4Dmg8jJJAPJnvBIzD9z,ZEZE, MY
0FZ4Dmg8jJJAPJnvBIzD9z,ZEZE, NI
0FZ4Dmg8jJJAPJnvBIzD9z,ZEZE, NL
0FZ4Dmg8jJJAPJnvBIzD9z,ZEZE, NO
0FZ4Dmg8jJJAPJnvBIzD9z,ZEZE, NZ
0FZ4Dmg8jJJAPJnvBIzD9z,ZEZE, OM
0FZ4Dmg8jJJAPJnvBIzD9z,ZEZE, PA
0FZ4Dmg8jJJAPJnvBIzD9z,ZEZE, PE
0FZ4Dmg8jJJAPJnvBIzD9z,ZEZE, PH
0FZ4Dmg8jJJAPJnvBIzD9z,ZEZE, PL
0FZ4Dmg8jJJAPJnvBIzD9z,ZEZE, PS
0FZ4Dmg8jJJAPJnvBIzD9z,ZEZE, PT
0FZ4Dmg8jJJAPJnvBIzD9z,ZEZE, PY
0FZ4Dmg8jJJAPJnvBIzD9z,ZEZE, QA
0FZ4Dmg8jJJAPJnvBIzD9z,ZEZE, RO
0FZ4Dmg8jJJAPJnvBIzD9z,ZEZE, SA
0FZ4Dmg8jJJAPJnvBIzD9z,ZEZE, SE
0FZ4Dmg8jJJAPJnvBIzD9z,ZEZE, SG
0FZ4Dmg8jJJAPJnvBIzD9z,ZEZE, SK
0FZ4Dmg8jJJAPJnvBIzD9z,ZEZE, SV
0FZ4Dmg8jJJAPJnvBIzD9z,ZEZE, TH
0FZ4Dmg8jJJAPJnvBIzD9z,ZEZE, TN
0FZ4Dmg8jJJAPJnvBIzD9z,ZEZE, TR
0FZ4Dmg8jJJAPJnvBIzD9z,ZEZE, TW
0FZ4Dmg8jJJAPJnvBIzD9z,ZEZE, US
0FZ4Dmg8jJJAPJnvBIzD9z,ZEZE, UY
0FZ4Dmg8jJJAPJnvBIzD9z,ZEZE, VN
0FZ4Dmg8jJJAPJnvBIzD9z,ZEZE, ZA
6FRLCMO5TUHTexlWo8ym1W,Girls Like You,AD
6FRLCMO5TUHTexlWo8ym1W,Girls Like You, AE
6FRLCMO5TUHTexlWo8ym1W,Girls Like You, AR
6FRLCMO5TUHTexlWo8ym1W,Girls Like You, AT
6FRLCMO5TUHTexlWo8ym1W,Girls Like You, AU
6FRLCMO5TUHTexlWo8ym1W,Girls Like You, BE
6FRLCMO5TUHTexlWo8ym1W,Girls Like You, BG
6FRLCMO5TUHTexlWo8ym1W,Girls Like You, BH
6FRLCMO5TUHTexlWo8ym1W,Girls Like You, BO
6FRLCMO5TUHTexlWo8ym1W,Girls Like You, BR
6FRLCMO5TUHTexlWo8ym1W,Girls Like You, CA
6FRLCMO5TUHTexlWo8ym1W,Girls Like You, CH
6FRLCMO5TUHTexlWo8ym1W,Girls Like You, CL
6FRLCMO5TUHTexlWo8ym1W,Girls Like You, CO
6FRLCMO5TUHTexlWo8ym1W,Girls Like You, CR
6FRLCMO5TUHTexlWo8ym1W,Girls Like You, CY
6FRLCMO5TUHTexlWo8ym1W,Girls Like You, CZ
6FRLCMO5TUHTexlWo8ym1W,Girls Like You, DE
6FRLCMO5TUHTexlWo8ym1W,Girls Like You, DK
6FRLCMO5TUHTexlWo8ym1W,Girls Like You, DO
6FRLCMO5TUHTexlWo8ym1W,Girls Like You, DZ
6FRLCMO5TUHTexlWo8ym1W,Girls Like You, EC
6FRLCMO5TUHTexlWo8ym1W,Girls Like You, EE
6FRLCMO5TUHTexlWo8ym1W,Girls Like You, EG
6FRLCMO5TUHTexlWo8ym1W,Girls Like You, ES
6FRLCMO5TUHTexlWo8ym1W,Girls Like You, FI
6FRLCMO5TUHTexlWo8ym1W,Girls Like You, FR
6FRLCMO5TUHTexlWo8ym1W,Girls Like You, GB
6FRLCMO5TUHTexlWo8ym1W,Girls Like You, GR
6FRLCMO5TUHTexlWo8ym1W,Girls Like You, GT
6FRLCMO5TUHTexlWo8ym1W,Girls Like You, HK
6FRLCMO5TUHTexlWo8ym1W,Girls Like You, HN
6FRLCMO5TUHTexlWo8ym1W,Girls Like You, HU
6FRLCMO5TUHTexlWo8ym1W,Girls Like You, ID
6FRLCMO5TUHTexlWo8ym1W,Girls Like You, IE
6FRLCMO5TUHTexlWo8ym1W,Girls Like You, IL
6FRLCMO5TUHTexlWo8ym1W,Girls Like You, IS
6FRLCMO5TUHTexlWo8ym1W,Girls Like You, IT
6FRLCMO5TUHTexlWo8ym1W,Girls Like You, JO
6FRLCMO5TUHTexlWo8ym1W,Girls Like You, JP
6FRLCMO5TUHTexlWo8ym1W,Girls Like You, KW
6FRLCMO5TUHTexlWo8ym1W,Girls Like You, LB
6FRLCMO5TUHTexlWo8ym1W,Girls Like You, LI
6FRLCMO5TUHTexlWo8ym1W,Girls Like You, LT
6FRLCMO5TUHTexlWo8ym1W,Girls Like You, LU
6FRLCMO5TUHTexlWo8ym1W,Girls Like You, LV
6FRLCMO5TUHTexlWo8ym1W,Girls Like You, MA
6FRLCMO5TUHTexlWo8ym1W,Girls Like You, MC
6FRLCMO5TUHTexlWo8ym1W,Girls Like You, MT
6FRLCMO5TUHTexlWo8ym1W,Girls Like You, MX
6FRLCMO5TUHTexlWo8ym1W,Girls Like You, MY
6FRLCMO5TUHTexlWo8ym1W,Girls Like You, NI
6FRLCMO5TUHTexlWo8ym1W,Girls Like You, NL
6FRLCMO5TUHTexlWo8ym1W,Girls Like You, NO
6FRLCMO5TUHTexlWo8ym1W,Girls Like You, NZ
6FRLCMO5TUHTexlWo8ym1W,Girls Like You, OM
6FRLCMO5TUHTexlWo8ym1W,Girls Like You, PA
6FRLCMO5TUHTexlWo8ym1W,Girls Like You, PE
6FRLCMO5TUHTexlWo8ym1W,Girls Like You, PH
6FRLCMO5TUHTexlWo8ym1W,Girls Like You, PL
6FRLCMO5TUHTexlWo8ym1W,Girls Like You, PS
6FRLCMO5TUHTexlWo8ym1W,Girls Like You, PT
6FRLCMO5TUHTexlWo8ym1W,Girls Like You, PY
6FRLCMO5TUHTexlWo8ym1W,Girls Like You, QA
6FRLCMO5TUHTexlWo8ym1W,Girls Like You, RO
6FRLCMO5TUHTexlWo8ym1W,Girls Like You, SA
6FRLCMO5TUHTexlWo8ym1W,Girls Like You, SE
6FRLCMO5TUHTexlWo8ym1W,Girls Like You, SG
6FRLCMO5TUHTexlWo8ym1W,Girls Like You, SK
6FRLCMO5TUHTexlWo8ym1W,Girls Like You, SV
6FRLCMO5TUHTexlWo8ym1W,Girls Like You, TH
6FRLCMO5TUHTexlWo8ym1W,Girls Like You, TN
6FRLCMO5TUHTexlWo8ym1W,Girls Like You, TR
6FRLCMO5TUHTexlWo8ym1W,Girls Like You, TW
6FRLCMO5TUHTexlWo8ym1W,Girls Like You, US
6FRLCMO5TUHTexlWo8ym1W,Girls Like You, UY
6FRLCMO5TUHTexlWo8ym1W,Girls Like You, VN
6FRLCMO5TUHTexlWo8ym1W,Girls Like You, ZA
0QIjsbm2fh1cJ45XO9eGqq,Wake Up In The Sky,AD
0QIjsbm2fh1cJ45XO9eGqq,Wake Up In The Sky, AE
0QIjsbm2fh1cJ45XO9eGqq,Wake Up In The Sky, AR
0QIjsbm2fh1cJ45XO9eGqq,Wake Up In The Sky, AT
0QIjsbm2fh1cJ45XO9eGqq,Wake Up In The Sky, AU
0QIjsbm2fh1cJ45XO9eGqq,Wake Up In The Sky, BE
0QIjsbm2fh1cJ45XO9eGqq,Wake Up In The Sky, BG
0QIjsbm2fh1cJ45XO9eGqq,Wake Up In The Sky, BH
0QIjsbm2fh1cJ45XO9eGqq,Wake Up In The Sky, BO
0QIjsbm2fh1cJ45XO9eGqq,Wake Up In The Sky, BR
0QIjsbm2fh1cJ45XO9eGqq,Wake Up In The Sky, CA
0QIjsbm2fh1cJ45XO9eGqq,Wake Up In The Sky, CH
0QIjsbm2fh1cJ45XO9eGqq,Wake Up In The Sky, CL
0QIjsbm2fh1cJ45XO9eGqq,Wake Up In The Sky, CO
0QIjsbm2fh1cJ45XO9eGqq,Wake Up In The Sky, CR
0QIjsbm2fh1cJ45XO9eGqq,Wake Up In The Sky, CY
0QIjsbm2fh1cJ45XO9eGqq,Wake Up In The Sky, CZ
0QIjsbm2fh1cJ45XO9eGqq,Wake Up In The Sky, DE
0QIjsbm2fh1cJ45XO9eGqq,Wake Up In The Sky, DK
0QIjsbm2fh1cJ45XO9eGqq,Wake Up In The Sky, DO
0QIjsbm2fh1cJ45XO9eGqq,Wake Up In The Sky, DZ
0QIjsbm2fh1cJ45XO9eGqq,Wake Up In The Sky, EC
0QIjsbm2fh1cJ45XO9eGqq,Wake Up In The Sky, EE
0QIjsbm2fh1cJ45XO9eGqq,Wake Up In The Sky, EG
0QIjsbm2fh1cJ45XO9eGqq,Wake Up In The Sky, ES
0QIjsbm2fh1cJ45XO9eGqq,Wake Up In The Sky, FI
0QIjsbm2fh1cJ45XO9eGqq,Wake Up In The Sky, FR
0QIjsbm2fh1cJ45XO9eGqq,Wake Up In The Sky, GB
0QIjsbm2fh1cJ45XO9eGqq,Wake Up In The Sky, GR
0QIjsbm2fh1cJ45XO9eGqq,Wake Up In The Sky, GT
0QIjsbm2fh1cJ45XO9eGqq,Wake Up In The Sky, HK
0QIjsbm2fh1cJ45XO9eGqq,Wake Up In The Sky, HN
0QIjsbm2fh1cJ45XO9eGqq,Wake Up In The Sky, HU
0QIjsbm2fh1cJ45XO9eGqq,Wake Up In The Sky, ID
0QIjsbm2fh1cJ45XO9eGqq,Wake Up In The Sky, IE
0QIjsbm2fh1cJ45XO9eGqq,Wake Up In The Sky, IL
0QIjsbm2fh1cJ45XO9eGqq,Wake Up In The Sky, IS
0QIjsbm2fh1cJ45XO9eGqq,Wake Up In The Sky, IT
0QIjsbm2fh1cJ45XO9eGqq,Wake Up In The Sky, JO
0QIjsbm2fh1cJ45XO9eGqq,Wake Up In The Sky, JP
0QIjsbm2fh1cJ45XO9eGqq,Wake Up In The Sky, KW
0QIjsbm2fh1cJ45XO9eGqq,Wake Up In The Sky, LB
0QIjsbm2fh1cJ45XO9eGqq,Wake Up In The Sky, LI
0QIjsbm2fh1cJ45XO9eGqq,Wake Up In The Sky, LT
0QIjsbm2fh1cJ45XO9eGqq,Wake Up In The Sky, LU
0QIjsbm2fh1cJ45XO9eGqq,Wake Up In The Sky, LV
0QIjsbm2fh1cJ45XO9eGqq,Wake Up In The Sky, MA
0QIjsbm2fh1cJ45XO9eGqq,Wake Up In The Sky, MC
0QIjsbm2fh1cJ45XO9eGqq,Wake Up In The Sky, MT
0QIjsbm2fh1cJ45XO9eGqq,Wake Up In The Sky, MX
0QIjsbm2fh1cJ45XO9eGqq,Wake Up In The Sky, MY
0QIjsbm2fh1cJ45XO9eGqq,Wake Up In The Sky, NI
0QIjsbm2fh1cJ45XO9eGqq,Wake Up In The Sky, NL
0QIjsbm2fh1cJ45XO9eGqq,Wake Up In The Sky, NO
0QIjsbm2fh1cJ45XO9eGqq,Wake Up In The Sky, NZ
0QIjsbm2fh1cJ45XO9eGqq,Wake Up In The Sky, OM
0QIjsbm2fh1cJ45XO9eGqq,Wake Up In The Sky, PA
0QIjsbm2fh1cJ45XO9eGqq,Wake Up In The Sky, PE
0QIjsbm2fh1cJ45XO9eGqq,Wake Up In The Sky, PH
0QIjsbm2fh1cJ45XO9eGqq,Wake Up In The Sky, PL
0QIjsbm2fh1cJ45XO9eGqq,Wake Up In The Sky, PS
0QIjsbm2fh1cJ45XO9eGqq,Wake Up In The Sky, PT
0QIjsbm2fh1cJ45XO9eGqq,Wake Up In The Sky, PY
0QIjsbm2fh1cJ45XO9eGqq,Wake Up In The Sky, QA
0QIjsbm2fh1cJ45XO9eGqq,Wake Up In The Sky, RO
0QIjsbm2fh1cJ45XO9eGqq,Wake Up In The Sky, SA
0QIjsbm2fh1cJ45XO9eGqq,Wake Up In The Sky, SE
0QIjsbm2fh1cJ45XO9eGqq,Wake Up In The Sky, SG
0QIjsbm2fh1cJ45XO9eGqq,Wake Up In The Sky, SK
0QIjsbm2fh1cJ45XO9eGqq,Wake Up In The Sky, SV
0QIjsbm2fh1cJ45XO9eGqq,Wake Up In The Sky, TH
0QIjsbm2fh1cJ45XO9eGqq,Wake Up In The Sky, TN
0QIjsbm2fh1cJ45XO9eGqq,Wake Up In The Sky, TR
0QIjsbm2fh1cJ45XO9eGqq,Wake Up In The Sky, TW
0QIjsbm2fh1cJ45XO9eGqq,Wake Up In The Sky, US
0QIjsbm2fh1cJ45XO9eGqq,Wake Up In The Sky, UY
0QIjsbm2fh1cJ45XO9eGqq,Wake Up In The Sky, VN
0QIjsbm2fh1cJ45XO9eGqq,Wake Up In The Sky, ZA
1xzBco0xcoJEDXktl7Jxrr,Mo Bamba,AD
1xzBco0xcoJEDXktl7Jxrr,Mo Bamba, AE
1xzBco0xcoJEDXktl7Jxrr,Mo Bamba, AR
1xzBco0xcoJEDXktl7Jxrr,Mo Bamba, AT
1xzBco0xcoJEDXktl7Jxrr,Mo Bamba, AU
1xzBco0xcoJEDXktl7Jxrr,Mo Bamba, BE
1xzBco0xcoJEDXktl7Jxrr,Mo Bamba, BG
1xzBco0xcoJEDXktl7Jxrr,Mo Bamba, BH
1xzBco0xcoJEDXktl7Jxrr,Mo Bamba, BO
1xzBco0xcoJEDXktl7Jxrr,Mo Bamba, BR
1xzBco0xcoJEDXktl7Jxrr,Mo Bamba, CA
1xzBco0xcoJEDXktl7Jxrr,Mo Bamba, CH
1xzBco0xcoJEDXktl7Jxrr,Mo Bamba, CL
1xzBco0xcoJEDXktl7Jxrr,Mo Bamba, CO
1xzBco0xcoJEDXktl7Jxrr,Mo Bamba, CR
1xzBco0xcoJEDXktl7Jxrr,Mo Bamba, CY
1xzBco0xcoJEDXktl7Jxrr,Mo Bamba, CZ
1xzBco0xcoJEDXktl7Jxrr,Mo Bamba, DE
1xzBco0xcoJEDXktl7Jxrr,Mo Bamba, DK
1xzBco0xcoJEDXktl7Jxrr,Mo Bamba, DO
1xzBco0xcoJEDXktl7Jxrr,Mo Bamba, DZ
1xzBco0xcoJEDXktl7Jxrr,Mo Bamba, EC
1xzBco0xcoJEDXktl7Jxrr,Mo Bamba, EE
1xzBco0xcoJEDXktl7Jxrr,Mo Bamba, EG
1xzBco0xcoJEDXktl7Jxrr,Mo Bamba, ES
1xzBco0xcoJEDXktl7Jxrr,Mo Bamba, FI
1xzBco0xcoJEDXktl7Jxrr,Mo Bamba, FR
1xzBco0xcoJEDXktl7Jxrr,Mo Bamba, GB
1xzBco0xcoJEDXktl7Jxrr,Mo Bamba, GR
1xzBco0xcoJEDXktl7Jxrr,Mo Bamba, GT
1xzBco0xcoJEDXktl7Jxrr,Mo Bamba, HK
1xzBco0xcoJEDXktl7Jxrr,Mo Bamba, HN
1xzBco0xcoJEDXktl7Jxrr,Mo Bamba, HU
1xzBco0xcoJEDXktl7Jxrr,Mo Bamba, ID
1xzBco0xcoJEDXktl7Jxrr,Mo Bamba, IE
1xzBco0xcoJEDXktl7Jxrr,Mo Bamba, IL
1xzBco0xcoJEDXktl7Jxrr,Mo Bamba, IS
1xzBco0xcoJEDXktl7Jxrr,Mo Bamba, IT
1xzBco0xcoJEDXktl7Jxrr,Mo Bamba, JO
1xzBco0xcoJEDXktl7Jxrr,Mo Bamba, JP
1xzBco0xcoJEDXktl7Jxrr,Mo Bamba, KW
1xzBco0xcoJEDXktl7Jxrr,Mo Bamba, LB
1xzBco0xcoJEDXktl7Jxrr,Mo Bamba, LI
1xzBco0xcoJEDXktl7Jxrr,Mo Bamba, LT
1xzBco0xcoJEDXktl7Jxrr,Mo Bamba, LU
1xzBco0xcoJEDXktl7Jxrr,Mo Bamba, LV
1xzBco0xcoJEDXktl7Jxrr,Mo Bamba, MA
1xzBco0xcoJEDXktl7Jxrr,Mo Bamba, MC
1xzBco0xcoJEDXktl7Jxrr,Mo Bamba, MT
1xzBco0xcoJEDXktl7Jxrr,Mo Bamba, MX
1xzBco0xcoJEDXktl7Jxrr,Mo Bamba, MY
1xzBco0xcoJEDXktl7Jxrr,Mo Bamba, NI
1xzBco0xcoJEDXktl7Jxrr,Mo Bamba, NL
1xzBco0xcoJEDXktl7Jxrr,Mo Bamba, NO
1xzBco0xcoJEDXktl7Jxrr,Mo Bamba, NZ
1xzBco0xcoJEDXktl7Jxrr,Mo Bamba, OM
1xzBco0xcoJEDXktl7Jxrr,Mo Bamba, PA
1xzBco0xcoJEDXktl7Jxrr,Mo Bamba, PE
1xzBco0xcoJEDXktl7Jxrr,Mo Bamba, PH
1xzBco0xcoJEDXktl7Jxrr,Mo Bamba, PL
1xzBco0xcoJEDXktl7Jxrr,Mo Bamba, PS
1xzBco0xcoJEDXktl7Jxrr,Mo Bamba, PT
1xzBco0xcoJEDXktl7Jxrr,Mo Bamba, PY
1xzBco0xcoJEDXktl7Jxrr,Mo Bamba, QA
1xzBco0xcoJEDXktl7Jxrr,Mo Bamba, RO
1xzBco0xcoJEDXktl7Jxrr,Mo Bamba, SA
1xzBco0xcoJEDXktl7Jxrr,Mo Bamba, SE
1xzBco0xcoJEDXktl7Jxrr,Mo Bamba, SG
1xzBco0xcoJEDXktl7Jxrr,Mo Bamba, SK
1xzBco0xcoJEDXktl7Jxrr,Mo Bamba, SV
1xzBco0xcoJEDXktl7Jxrr,Mo Bamba, TH
1xzBco0xcoJEDXktl7Jxrr,Mo Bamba, TN
1xzBco0xcoJEDXktl7Jxrr,Mo Bamba, TR
1xzBco0xcoJEDXktl7Jxrr,Mo Bamba, TW
1xzBco0xcoJEDXktl7Jxrr,Mo Bamba, US
1xzBco0xcoJEDXktl7Jxrr,Mo Bamba, UY
1xzBco0xcoJEDXktl7Jxrr,Mo Bamba, VN
1xzBco0xcoJEDXktl7Jxrr,Mo Bamba, ZA
n/a,It's The Most Wonderful Time Of The Year,n/a
4OafepJy2teCjYJbvFE60J,Breathin,AD
4OafepJy2teCjYJbvFE60J,Breathin, AE
4OafepJy2teCjYJbvFE60J,Breathin, AR
4OafepJy2teCjYJbvFE60J,Breathin, AT
4OafepJy2teCjYJbvFE60J,Breathin, AU
4OafepJy2teCjYJbvFE60J,Breathin, BE
4OafepJy2teCjYJbvFE60J,Breathin, BG
4OafepJy2teCjYJbvFE60J,Breathin, BH
4OafepJy2teCjYJbvFE60J,Breathin, BO
4OafepJy2teCjYJbvFE60J,Breathin, BR
4OafepJy2teCjYJbvFE60J,Breathin, CA
4OafepJy2teCjYJbvFE60J,Breathin, CH
4OafepJy2teCjYJbvFE60J,Breathin, CL
4OafepJy2teCjYJbvFE60J,Breathin, CO
4OafepJy2teCjYJbvFE60J,Breathin, CR
4OafepJy2teCjYJbvFE60J,Breathin, CY
4OafepJy2teCjYJbvFE60J,Breathin, CZ
4OafepJy2teCjYJbvFE60J,Breathin, DE
4OafepJy2teCjYJbvFE60J,Breathin, DK
4OafepJy2teCjYJbvFE60J,Breathin, DO
4OafepJy2teCjYJbvFE60J,Breathin, DZ
4OafepJy2teCjYJbvFE60J,Breathin, EC
4OafepJy2teCjYJbvFE60J,Breathin, EE
4OafepJy2teCjYJbvFE60J,Breathin, EG
4OafepJy2teCjYJbvFE60J,Breathin, ES
4OafepJy2teCjYJbvFE60J,Breathin, FI
4OafepJy2teCjYJbvFE60J,Breathin, FR
4OafepJy2teCjYJbvFE60J,Breathin, GB
4OafepJy2teCjYJbvFE60J,Breathin, GR
4OafepJy2teCjYJbvFE60J,Breathin, GT
4OafepJy2teCjYJbvFE60J,Breathin, HK
4OafepJy2teCjYJbvFE60J,Breathin, HN
4OafepJy2teCjYJbvFE60J,Breathin, HU
4OafepJy2teCjYJbvFE60J,Breathin, ID
4OafepJy2teCjYJbvFE60J,Breathin, IE
4OafepJy2teCjYJbvFE60J,Breathin, IL
4OafepJy2teCjYJbvFE60J,Breathin, IS
4OafepJy2teCjYJbvFE60J,Breathin, IT
4OafepJy2teCjYJbvFE60J,Breathin, JO
4OafepJy2teCjYJbvFE60J,Breathin, JP
4OafepJy2teCjYJbvFE60J,Breathin, KW
4OafepJy2teCjYJbvFE60J,Breathin, LB
4OafepJy2teCjYJbvFE60J,Breathin, LI
4OafepJy2teCjYJbvFE60J,Breathin, LT
4OafepJy2teCjYJbvFE60J,Breathin, LU
4OafepJy2teCjYJbvFE60J,Breathin, LV
4OafepJy2teCjYJbvFE60J,Breathin, MA
4OafepJy2teCjYJbvFE60J,Breathin, MC
4OafepJy2teCjYJbvFE60J,Breathin, MT
4OafepJy2teCjYJbvFE60J,Breathin, MX
4OafepJy2teCjYJbvFE60J,Breathin, MY
4OafepJy2teCjYJbvFE60J,Breathin, NI
4OafepJy2teCjYJbvFE60J,Breathin, NL
4OafepJy2teCjYJbvFE60J,Breathin, NO
4OafepJy2teCjYJbvFE60J,Breathin, NZ
4OafepJy2teCjYJbvFE60J,Breathin, OM
4OafepJy2teCjYJbvFE60J,Breathin, PA
4OafepJy2teCjYJbvFE60J,Breathin, PE
4OafepJy2teCjYJbvFE60J,Breathin, PH
4OafepJy2teCjYJbvFE60J,Breathin, PL
4OafepJy2teCjYJbvFE60J,Breathin, PS
4OafepJy2teCjYJbvFE60J,Breathin, PT
4OafepJy2teCjYJbvFE60J,Breathin, PY
